spacer_seq,transcript,dosage (ng),mean_targeting_efficiency
CCAUGUUAUCCUCCUCGCCCUUGCUCACCA,mCherry,20,0.560838875
GGCCAUGUUAUCCUCCUCGCCCUUGCUCAC,mCherry,20,0.994958529
GGAGCCCUCCAUGUGCACCUUGAAGCGCAU,mCherry,20,0.837032422
CACGGAGCCCUCCAUGUGCACCUUGAAGCG,mCherry,20,0.409466625
GGCGGUCUGGGUGCCCUCGUAGGGGCGGCC,mCherry,20,0.994368167
GGAGCCGUACAUGAACUGAGGGGACAGGAU,mCherry,20,0.997708631
GGGGAAGGACAGCUUCAAGUAGUCGGGGAU,mCherry,20,0.992948429
UCGGGGAAGGACAGCUUCAAGUAGUCGGGG,mCherry,20,0.493975313
GGAGUCCUGGGUCACGGUCACCACGCCGCC,mCherry,20,0.618517063
UCCUGGGUCACGGUCACCACGCCGCCGUCC,mCherry,20,0.995149978
GGUCUUCUUCUGCAUUACGGGGCCGUCGGA,mCherry,20,0.999517339
UGAUCUCGCCCUUCAGGGCGCCGUCCUCGG,mCherry,20,0.934809348
UCUCGCCCUUCAGGGCGCCGUCCUCGGGGU,mCherry,20,0.026079206
CGCCCUUCAGGGCGCCGUCCUCGGGGUACA,mCherry,20,0.184063541
CCUUCAGGGCGCCGUCCUCGGGGUACAUCC,mCherry,20,-0.025477054
UCAGGGCGCCGUCCUCGGGGUACAUCCGCU,mCherry,20,0.629409855
GGGCGCCGUCCUCGGGGUACAUCCGCUCGG,mCherry,20,0.998123435
CGCCGUCCUCGGGGUACAUCCGCUCGGAGG,mCherry,20,0.924080146
CGUCCUCGGGGUACAUCCGCUCGGAGGAGG,mCherry,20,0.981361314
CCUCGGGGUACAUCCGCUCGGAGGAGGCCU,mCherry,20,0.358837445
CGGGGUACAUCCGCUCGGAGGAGGCCUCCC,mCherry,20,0.998880561
GGUACAUCCGCUCGGAGGAGGCCUCCCAGC,mCherry,20,0.993884788
GGUGGUCUUGACCUCAGCGUCGUAGUGGCC,mCherry,20,0.998243608
UCCAACUUGAUGUUGACGUUGUAGGCGCCG,mCherry,20,0.311978125
GGUGAUGUCCAACUUGAUGUUGACGUUGUA,mCherry,20,0.99949465
CUCGUCCAUGCCGCCGGUGGAGUGGCGGCC,mCherry,20,0.029075269
GUCCAUGCCGCCGGUGGAGUGGCGGCCCUC,mCherry,20,0.954583429
CAUGCCGCCGGUGGAGUGGCGGCCCUCGGC,mCherry,20,0.159661825
GCCGCCGGUGGAGUGGCGGCCCUCGGCGCG,mCherry,20,0.0788241
GCCGGUGGAGUGGCGGCCCUCGGCGCGUUC,mCherry,20,0.974166667
GGUGGAGUGGCGGCCCUCGGCGCGUUCGUA,mCherry,20,0.799824133
GGAGUGGCGGCCCUCGGCGCGUUCGUACUG,mCherry,20,0.863727968
GUGGCGGCCCUCGGCGCGUUCGUACUGUUC,mCherry,20,0.966740514
GCGGCCCUCGGCGCGUUCGUACUGUUCCAC,mCherry,20,0.304849947
GCCCUCGGCGCGUUCGUACUGUUCCACGAU,mCherry,20,0.465811895
CUCGGCGCGUUCGUACUGUUCCACGAUGGU,mCherry,20,0.518147908
GGCUCAAAGUCAGAUGCUACUGGCCGCUGA,BCR-ABL,20,0.95598175
GCUCAAAGUCAGAUGCUACUGGCCGCUGAA,BCR-ABL,20,0.86093775
CUCAAAGUCAGAUGCUACUGGCCGCUGAAG,BCR-ABL,20,0.684377333
UCAAAGUCAGAUGCUACUGGCCGCUGAAGG,BCR-ABL,20,0.62849225
CAAAGUCAGAUGCUACUGGCCGCUGAAGGG,BCR-ABL,20,0.663500417
AAAGUCAGAUGCUACUGGCCGCUGAAGGGC,BCR-ABL,20,0.80472825
AAGUCAGAUGCUACUGGCCGCUGAAGGGCU,BCR-ABL,20,0.865023917
AGUCAGAUGCUACUGGCCGCUGAAGGGCUU,BCR-ABL,20,0.946109417
GUCAGAUGCUACUGGCCGCUGAAGGGCUUC,BCR-ABL,20,0.949200333
UCAGAUGCUACUGGCCGCUGAAGGGCUUCU,BCR-ABL,20,0.971150333
CAGAUGCUACUGGCCGCUGAAGGGCUUCUG,BCR-ABL,20,0.887330333
AGAUGCUACUGGCCGCUGAAGGGCUUCUGC,BCR-ABL,20,0.896903083
GAUGCUACUGGCCGCUGAAGGGCUUCUGCG,BCR-ABL,20,0.8188585
AUGCUACUGGCCGCUGAAGGGCUUCUGCGU,BCR-ABL,20,0.932492
UGCUACUGGCCGCUGAAGGGCUUCUGCGUC,BCR-ABL,20,0.949528083
GCUACUGGCCGCUGAAGGGCUUCUGCGUCU,BCR-ABL,20,0.838325
CUACUGGCCGCUGAAGGGCUUCUGCGUCUC,BCR-ABL,20,0.555452
UACUGGCCGCUGAAGGGCUUCUGCGUCUCC,BCR-ABL,20,0.86296525
ACUGGCCGCUGAAGGGCUUCUGCGUCUCCA,BCR-ABL,20,0.51321925
CUGGCCGCUGAAGGGCUUCUGCGUCUCCAU,BCR-ABL,20,0.54192025
UGGCCGCUGAAGGGCUUCUGCGUCUCCAUG,BCR-ABL,20,0.9214105
GGCCGCUGAAGGGCUUCUGCGUCUCCAUGG,BCR-ABL,20,0.568801
GCCGCUGAAGGGCUUCUGCGUCUCCAUGGA,BCR-ABL,20,0.674358917
CCGCUGAAGGGCUUCUGCGUCUCCAUGGAA,BCR-ABL,20,0.866956917
CGCUGAAGGGCUUCUGCGUCUCCAUGGAAG,BCR-ABL,20,0.47266315
GCUGAAGGGCUUCUGCGUCUCCAUGGAAGG,BCR-ABL,20,0.662346833
CUGAAGGGCUUCUGCGUCUCCAUGGAAGGC,BCR-ABL,20,0.79389125
UGAAGGGCUUCUGCGUCUCCAUGGAAGGCG,BCR-ABL,20,0.873308917
GAAGGGCUUCUGCGUCUCCAUGGAAGGCGC,BCR-ABL,20,0.743025583
AAGGGCUUCUGCGUCUCCAUGGAAGGCGCC,BCR-ABL,20,0.821847917
AGGGCUUCUGCGUCUCCAUGGAAGGCGCCC,BCR-ABL,20,0.672836417
GGGCUUCUGCGUCUCCAUGGAAGGCGCCCU,BCR-ABL,20,0.946795083
GGCUUCUGCGUCUCCAUGGAAGGCGCCCUC,BCR-ABL,20,0.96072325
GCUUCUGCGUCUCCAUGGAAGGCGCCCUCG,BCR-ABL,20,0.882023667
CUUCUGCGUCUCCAUGGAAGGCGCCCUCGC,BCR-ABL,20,0.9420215
UUCUGCGUCUCCAUGGAAGGCGCCCUCGCC,BCR-ABL,20,0.192531917
UCUGCGUCUCCAUGGAAGGCGCCCUCGCCA,BCR-ABL,20,0.717386833
CUGCGUCUCCAUGGAAGGCGCCCUCGCCAU,BCR-ABL,20,0.8736875
UGCGUCUCCAUGGAAGGCGCCCUCGCCAUC,BCR-ABL,20,0.784135583
GCGUCUCCAUGGAAGGCGCCCUCGCCAUCG,BCR-ABL,20,0.702827917
CGUCUCCAUGGAAGGCGCCCUCGCCAUCGU,BCR-ABL,20,0.856313083
GCUUCAGCCUCUGCUUGAUCUCGCCCUUCA,mCherry,20,0.789069021
CUUCAGCCUCUGCUUGAUCUCGCCCUUCAG,mCherry,20,0.453467569
UUCAGCCUCUGCUUGAUCUCGCCCUUCAGG,mCherry,20,0.63319017
UCAGCCUCUGCUUGAUCUCGCCCUUCAGGG,mCherry,20,0.73950291
CAGCCUCUGCUUGAUCUCGCCCUUCAGGGC,mCherry,20,0.539743996
AGCCUCUGCUUGAUCUCGCCCUUCAGGGCG,mCherry,20,0.441959563
GCCUCUGCUUGAUCUCGCCCUUCAGGGCGC,mCherry,20,0.587447809
CCUCUGCUUGAUCUCGCCCUUCAGGGCGCC,mCherry,20,0.216570093
CUCUGCUUGAUCUCGCCCUUCAGGGCGCCG,mCherry,20,0.357086828
UCUGCUUGAUCUCGCCCUUCAGGGCGCCGU,mCherry,20,0.36923394
CUGCUUGAUCUCGCCCUUCAGGGCGCCGUC,mCherry,20,0.523087383
UGCUUGAUCUCGCCCUUCAGGGCGCCGUCC,mCherry,20,0.823995173
GCUUGAUCUCGCCCUUCAGGGCGCCGUCCU,mCherry,20,0.968375519
CUUGAUCUCGCCCUUCAGGGCGCCGUCCUC,mCherry,20,0.352507966
UUGAUCUCGCCCUUCAGGGCGCCGUCCUCG,mCherry,20,0.889891393
GAUCUCGCCCUUCAGGGCGCCGUCCUCGGG,mCherry,20,0.534535593
AUCUCGCCCUUCAGGGCGCCGUCCUCGGGG,mCherry,20,0.881921718
CUCGCCCUUCAGGGCGCCGUCCUCGGGGUA,mCherry,20,-0.033570551
UCGCCCUUCAGGGCGCCGUCCUCGGGGUAC,mCherry,20,0.441782616
GCCCUUCAGGGCGCCGUCCUCGGGGUACAU,mCherry,20,-0.072523379
CCCUUCAGGGCGCCGUCCUCGGGGUACAUC,mCherry,20,0.015163958
CUUCAGGGCGCCGUCCUCGGGGUACAUCCG,mCherry,20,0.31565863
UUCAGGGCGCCGUCCUCGGGGUACAUCCGC,mCherry,20,0.539269763
CAGGGCGCCGUCCUCGGGGUACAUCCGCUC,mCherry,20,0.962251263
AGGGCGCCGUCCUCGGGGUACAUCCGCUCG,mCherry,20,0.989038579
GGCGCCGUCCUCGGGGUACAUCCGCUCGGA,mCherry,20,0.99669524
GCGCCGUCCUCGGGGUACAUCCGCUCGGAG,mCherry,20,0.965302806
GCCGUCCUCGGGGUACAUCCGCUCGGAGGA,mCherry,20,0.997968709
CCGUCCUCGGGGUACAUCCGCUCGGAGGAG,mCherry,20,0.908734694
GUCCUCGGGGUACAUCCGCUCGGAGGAGGC,mCherry,20,0.998114794
UCCUCGGGGUACAUCCGCUCGGAGGAGGCC,mCherry,20,0.32228231
CUCGGGGUACAUCCGCUCGGAGGAGGCCUC,mCherry,20,0.961721521
UCGGGGUACAUCCGCUCGGAGGAGGCCUCC,mCherry,20,0.994799635
GGGGUACAUCCGCUCGGAGGAGGCCUCCCA,mCherry,20,0.99885664
GGGUACAUCCGCUCGGAGGAGGCCUCCCAG,mCherry,20,0.997938865
GUACAUCCGCUCGGAGGAGGCCUCCCAGCC,mCherry,20,0.995620335
UACAUCCGCUCGGAGGAGGCCUCCCAGCCC,mCherry,20,0.9946316
ACAUCCGCUCGGAGGAGGCCUCCCAGCCCA,mCherry,20,0.997608283
CAUCCGCUCGGAGGAGGCCUCCCAGCCCAU,mCherry,20,0.914133501
AUCCGCUCGGAGGAGGCCUCCCAGCCCAUC,mCherry,20,0.989653438
UCCGCUCGGAGGAGGCCUCCCAGCCCAUCG,mCherry,20,0.123031535
CCGCUCGGAGGAGGCCUCCCAGCCCAUCGU,mCherry,20,0.332393481
CGCUCGGAGGAGGCCUCCCAGCCCAUCGUC,mCherry,20,0.566559636
GCUCGGAGGAGGCCUCCCAGCCCAUCGUCU,mCherry,20,0.744035958
CUCGGAGGAGGCCUCCCAGCCCAUCGUCUU,mCherry,20,0.558207218
UCGGAGGAGGCCUCCCAGCCCAUCGUCUUC,mCherry,20,0.944533393
CGGAGGAGGCCUCCCAGCCCAUCGUCUUCU,mCherry,20,0.785741198
GGAGGAGGCCUCCCAGCCCAUCGUCUUCUU,mCherry,20,0.4508771
GAGGAGGCCUCCCAGCCCAUCGUCUUCUUC,mCherry,20,0.344130421
AGGAGGCCUCCCAGCCCAUCGUCUUCUUCU,mCherry,20,0.29953633
GAAGCGGCUCUCGGAGGAGACGUAGAGCAU,SFPQ-ABL,20,0.954118833
GCGGCUCUCGGAGGAGACGUAGAGCAUGUC,SFPQ-ABL,20,0.952746083
GCUCUCGGAGGAGACGUAGAGCAUGUCACU,SFPQ-ABL,20,0.90479075
CUCGGAGGAGACGUAGAGCAUGUCACUUCC,SFPQ-ABL,20,0.906902917
GGAGGAGACGUAGAGCAUGUCACUUCCCAU,SFPQ-ABL,20,0.78842225
GGAGACGUAGAGCAUGUCACUUCCCAUCAU,SFPQ-ABL,20,0.9217285
GACGUAGAGCAUGUCACUUCCCAUCAUGGA,SFPQ-ABL,20,0.918287167
GUAGAGCAUGUCACUUCCCAUCAUGGAACC,SFPQ-ABL,20,0.9120065
GAGCAUGUCACUUCCCAUCAUGGAACCACU,SFPQ-ABL,20,0.828747833
GAAGCGGCUCUCGGAGGAGACGUAGAGCUC,SNX2-ABL,20,0.968148583
GCGGCUCUCGGAGGAGACGUAGAGCUCUUC,SNX2-ABL,20,0.976598083
GCUCUCGGAGGAGACGUAGAGCUCUUCCCU,SNX2-ABL,20,0.94702275
CUCGGAGGAGACGUAGAGCUCUUCCCUGGA,SNX2-ABL,20,0.937688417
GGAGGAGACGUAGAGCUCUUCCCUGGAUCU,SNX2-ABL,20,0.781912833
GGAGACGUAGAGCUCUUCCCUGGAUCUAUC,SNX2-ABL,20,0.76413975
GACGUAGAGCUCUUCCCUGGAUCUAUCAAA,SNX2-ABL,20,0.752048083
GUAGAGCUCUUCCCUGGAUCUAUCAAAGAU,SNX2-ABL,20,0.929962667
GAGCUCUUCCCUGGAUCUAUCAAAGAUCAC,SNX2-ABL,20,0.80349175
GUCGCGCACCAGGUUGAUUGGGGUGUGCUU,Spike,20,0.957601089
UCGCGCACCAGGUUGAUUGGGGUGUGCUUG,Spike,20,0.678039458
CGCGCACCAGGUUGAUUGGGGUGUGCUUGG,Spike,20,0.88288718
GCGCACCAGGUUGAUUGGGGUGUGCUUGGA,Spike,20,0.884223191
CGCACCAGGUUGAUUGGGGUGUGCUUGGAG,Spike,20,0.841439899
GCACCAGGUUGAUUGGGGUGUGCUUGGAGU,Spike,20,0.828294253
CACCAGGUUGAUUGGGGUGUGCUUGGAGUA,Spike,20,0.724705446
ACCAGGUUGAUUGGGGUGUGCUUGGAGUAG,Spike,20,0.854519535
CCAGGUUGAUUGGGGUGUGCUUGGAGUAGA,Spike,20,0.670097944
CAGGUUGAUUGGGGUGUGCUUGGAGUAGAU,Spike,20,0.906840806
AGGUUGAUUGGGGUGUGCUUGGAGUAGAUC,Spike,20,0.883606429
GGUUGAUUGGGGUGUGCUUGGAGUAGAUCU,Spike,20,0.919694006
GUUGAUUGGGGUGUGCUUGGAGUAGAUCUU,Spike,20,0.852591568
UUGAUUGGGGUGUGCUUGGAGUAGAUCUUA,Spike,20,0.614190015
UGAUUGGGGUGUGCUUGGAGUAGAUCUUAA,Spike,20,0.878317323
GAUUGGGGUGUGCUUGGAGUAGAUCUUAAA,Spike,20,0.824763043
AUUGGGGUGUGCUUGGAGUAGAUCUUAAAG,Spike,20,0.870774486
UUGGGGUGUGCUUGGAGUAGAUCUUAAAGU,Spike,20,0.879304053
UGGGGUGUGCUUGGAGUAGAUCUUAAAGUA,Spike,20,0.81809679
GGGGUGUGCUUGGAGUAGAUCUUAAAGUAG,Spike,20,0.835782035
GGGUGUGCUUGGAGUAGAUCUUAAAGUAGC,Spike,20,0.891766148
GGUGUGCUUGGAGUAGAUCUUAAAGUAGCC,Spike,20,0.890374425
GUGUGCUUGGAGUAGAUCUUAAAGUAGCCA,Spike,20,0.91781674
UGUGCUUGGAGUAGAUCUUAAAGUAGCCAU,Spike,20,0.914214966
GUGCUUGGAGUAGAUCUUAAAGUAGCCAUC,Spike,20,0.939699026
UGCUUGGAGUAGAUCUUAAAGUAGCCAUCG,Spike,20,0.893499046
GCUUGGAGUAGAUCUUAAAGUAGCCAUCGA,Spike,20,0.861105749
CUUGGAGUAGAUCUUAAAGUAGCCAUCGAU,Spike,20,0.863775189
UUGGAGUAGAUCUUAAAGUAGCCAUCGAUG,Spike,20,0.901552525
UGGAGUAGAUCUUAAAGUAGCCAUCGAUGU,Spike,20,0.828652381
GGAGUAGAUCUUAAAGUAGCCAUCGAUGUU,Spike,20,0.885690816
GAGUAGAUCUUAAAGUAGCCAUCGAUGUUC,Spike,20,0.679472201
AGUAGAUCUUAAAGUAGCCAUCGAUGUUCU,Spike,20,0.704767705
GUAGAUCUUAAAGUAGCCAUCGAUGUUCUU,Spike,20,0.769917076
UAGAUCUUAAAGUAGCCAUCGAUGUUCUUA,Spike,20,0.766111534
AGAUCUUAAAGUAGCCAUCGAUGUUCUUAA,Spike,20,0.703772826
GAUCUUAAAGUAGCCAUCGAUGUUCUUAAA,Spike,20,0.698539799
AUCUUAAAGUAGCCAUCGAUGUUCUUAAAC,Spike,20,0.75981549
UCUUAAAGUAGCCAUCGAUGUUCUUAAACA,Spike,20,0.373709644
CUUAAAGUAGCCAUCGAUGUUCUUAAACAC,Spike,20,0.369497274
UUAAAGUAGCCAUCGAUGUUCUUAAACACG,Spike,20,0.828012999
UAAAGUAGCCAUCGAUGUUCUUAAACACGA,Spike,20,0.813047584
AAAGUAGCCAUCGAUGUUCUUAAACACGAA,Spike,20,0.702647304
AAGUAGCCAUCGAUGUUCUUAAACACGAAC,Spike,20,0.659669571
AGUAGCCAUCGAUGUUCUUAAACACGAACU,Spike,20,0.777216373
GUAGCCAUCGAUGUUCUUAAACACGAACUC,Spike,20,0.838614046
UAGCCAUCGAUGUUCUUAAACACGAACUCC,Spike,20,0.870986261
AGCCAUCGAUGUUCUUAAACACGAACUCCC,Spike,20,0.128658444
GCCAUCGAUGUUCUUAAACACGAACUCCCG,Spike,20,0.947878034
CCAUCGAUGUUCUUAAACACGAACUCCCGC,Spike,20,0.825941139
CAUCGAUGUUCUUAAACACGAACUCCCGCA,Spike,20,0.90353827
AUCGAUGUUCUUAAACACGAACUCCCGCAG,Spike,20,0.830960169
UCGAUGUUCUUAAACACGAACUCCCGCAGG,Spike,20,0.710138108
CGAUGUUCUUAAACACGAACUCCCGCAGGU,Spike,20,0.758147399
GAUGUUCUUAAACACGAACUCCCGCAGGUU,Spike,20,0.769003613
AUGUUCUUAAACACGAACUCCCGCAGGUUC,Spike,20,0.852214989
UGUUCUUAAACACGAACUCCCGCAGGUUCU,Spike,20,0.86536358
GUUCUUAAACACGAACUCCCGCAGGUUCUU,Spike,20,0.848507799
UUCUUAAACACGAACUCCCGCAGGUUCUUG,Spike,20,0.282290191
UCUUAAACACGAACUCCCGCAGGUUCUUGA,Spike,20,0.763115608
CUUAAACACGAACUCCCGCAGGUUCUUGAA,Spike,20,0.692966415
CCGGUGAACAGCUCCUCGCCCUUGCUCACC,eGFP,20,0.858307063
CAGGAUGGGCACCACCCCGGUGAACAGCUC,eGFP,20,0.9683915
CUUGUAGUUGCCGUCGUCCUUGAAGAAGAU,eGFP,20,0.784379063
CACCAGGGUGUCGCCCUCGAACUUCACCUC,eGFP,20,0.339205563
CAGGAUGUUGCCGUCCUCCUUGAAGUCGAU,eGFP,20,0.95649425
CUUCUGCUUGUCGGCCAUGAUAUAGACGUU,eGFP,20,0.427695
CUGCACGCUGCCGUCCUCGAUGUUGUGGCG,eGFP,20,0.222838938
CUUGUACAGCUCGUCCAUGCCGAGAGUGAU,eGFP,20,0.777078938
UACUCCAGCUUGUGCCCCAGGAUGUUGCCG,eGFP,20,0.273088688
GGUCAGCUUGCCGUAGGUGGCAUCGCCCUC,eGFP,20,0.978713875
GGUCACGAGGGUGGGCCAGGGCACGGGCAG,eGFP,20,0.717675063
GGUAGCGGCUGAAGCACUGCACGCCGUAGG,eGFP,20,0.98468225
GGGCAUGGCGGACUUGAAGAAGUCGUGCUG,eGFP,20,0.984937438
GGUGCGCUCCUGGACGUAGCCUUCGGGCAU,eGFP,20,0.923937375
GGCGCGGGUCUUGUAGUUGCCGUCGUCCUU,eGFP,20,0.979974313
GGCGAGCUGCACGCUGCCGUCCUCGAUGUU,eGFP,20,0.965742
GGUAGUGGUCGGCGAGCUGCACGCUGCCGU,eGFP,20,0.983722125
GGGCCGUCGCCGAUGGGGGUGUUCUGCUGG,eGFP,20,0.962893063
GGGCAGCAGCACGGGGCCGUCGCCGAUGGG,eGFP,20,0.902826313
GGGGGUGUUCUGCUGGUAGUGGUCGGCGAG,eGFP,20,0.92443425
CUCGGUGAAGGCCUCCCAGCCGAGUGUUUU,TagBFP,20,0.14859
CGGUCAGCACGCCCCCGUCCUCGUAUGUGG,TagBFP,20,0.787386429
CAGAUGGCUCCCGCCCACGAGCUUCAGGGC,TagBFP,20,0.64109375
CCAUGUCGUUUCUGCCUUCCAGGCCGCCGU,TagBFP,20,0.361094036
CGAUCAGAUGGCUCCCGCCCACGAGCUUCA,TagBFP,20,0.832334188
CUCGUUGUUGGCCUCCUUGAUUCUUUCCAG,TagBFP,20,0.529026143
CAAUUAAGCUUGUGCCCCAGUUUGCUAGGG,TagBFP,20,0.81313275
CCCAUGUGAAGCCCUCAGGGAAGGACUGCU,TagBFP,20,0.312298464
AUGUGAAGUUCACCCCUCUGAUCUUGACGU,TagBFP,20,0.502185607
GGUGCCCUCGUAGGGCUUGCCUUCGCCCUC,TagBFP,20,0.831680179
GGCGAAGGGGAGAGGGCCGCCCUCGACCAC,TagBFP,20,0.821509607
GGUGACUCUCUCCCAUGUGAAGCCCUCAGG,TagBFP,20,0.898263593
GGGGUACAGGGUCUCGGUGAAGGCCUCCCA,TagBFP,20,0.905733923
GGUUUCUUGGAUCUAUAUGUGGUCUUGAUG,TagBFP,20,0.831912214
GGUCUGGGUGCCCUCGUAGGGCUUGCCUUC,TagBFP,20,0.879579893
GGAUGUCGAAGGCGAAGGGGAGAGGGCCGC,TagBFP,20,0.822632643
GGUCUUGCUGCCGUAGAGGAAGCUAGUAGC,TagBFP,20,0.884717036
GGGAUGCCCUGGGUGUGGUUGAUGAAGGUC,TagBFP,20,0.881912607
GGGAGGUCGCAGUAUCUGGCCACUGCCACC,TagBFP,20,0.896864107
